ID,SI,VV,AR,SG
1,Sensing,Verbal,Active,Sequential
2,Intuitive,Visual,Active,Global
3,Sensing,Verbal,Reflective,Sequential
4,Sensing,Visual,Active,Global
5,Intuitive,Visual,Active,Global
6,Sensing,Verbal,Reflective,Sequential
7,Intuitive,Visual,Reflective,Sequential
8,Sensing,Verbal,Active,Global
9,Sensing,Visual,Active,Sequential
10,Intuitive,Visual,Active,Sequential
11,Intuitive,Visual,Active,Sequential
12,Sensing,Visual,Active,Sequential
13,Intuitive,Visual,Reflective,Sequential
14,Sensing,Verbal,Reflective,Sequential
15,Sensing,Visual,Active,Global
16,Sensing,Visual,Active,Sequential
17,Sensing,Verbal,Active,Sequential
18,Intuitive,Visual,Reflective,Sequential
19,Intuitive,Verbal,Reflective,Sequential
20,Intuitive,Verbal,Reflective,Global
21,Sensing,Visual,Reflective,Global
22,Sensing,Verbal,Reflective,Sequential
23,Sensing,Visual,Reflective,Global
24,Sensing,Verbal,Reflective,Sequential
25,Intuitive,Visual,Active,Global
26,Sensing,Verbal,Active,Global
27,Intuitive,Verbal,Reflective,Sequential
28,Intuitive,Verbal,Reflective,Sequential
29,Sensing,Verbal,Active,Global
30,Intuitive,Visual,Reflective,Global
31,Sensing,Visual,Active,Global
32,Intuitive,Visual,Reflective,Sequential
33,Sensing,Verbal,Reflective,Global
34,Intuitive,Verbal,Active,Sequential
35,Intuitive,Visual,Active,Global
36,Sensing,Verbal,Active,Sequential
37,Sensing,Visual,Active,Sequential
38,Intuitive,Visual,Reflective,Sequential
39,Intuitive,Visual,Reflective,Sequential
40,Sensing,Verbal,Reflective,Sequential
41,Intuitive,Visual,Active,Sequential
42,Intuitive,Verbal,Reflective,Global
43,Intuitive,Visual,Active,Sequential
44,Intuitive,Verbal,Reflective,Global
45,Sensing,Visual,Reflective,Global
46,Sensing,Verbal,Reflective,Sequential
47,Sensing,Visual,Reflective,Global
48,Sensing,Verbal,Active,Sequential
49,Sensing,Verbal,Active,Global
50,Intuitive,Visual,Active,Sequential
51,Sensing,Verbal,Active,Sequential
52,Intuitive,Verbal,Active,Sequential
53,Intuitive,Visual,Active,Sequential
54,Intuitive,Visual,Reflective,Global
55,Intuitive,Visual,Reflective,Sequential
56,Sensing,Verbal,Reflective,Sequential
57,Intuitive,Visual,Reflective,Global
58,Intuitive,Verbal,Active,Global
59,Sensing,Visual,Reflective,Sequential
60,Intuitive,Verbal,Reflective,Global
61,Sensing,Verbal,Active,Global
62,Intuitive,Verbal,Active,Global
63,Sensing,Verbal,Reflective,Sequential
64,Intuitive,Visual,Active,Sequential
65,Intuitive,Verbal,Reflective,Sequential
66,Intuitive,Visual,Active,Sequential
67,Intuitive,Visual,Active,Global
68,Sensing,Visual,Active,Global
69,Intuitive,Verbal,Reflective,Global
70,Intuitive,Verbal,Reflective,Global
71,Intuitive,Verbal,Reflective,Global
72,Intuitive,Verbal,Reflective,Sequential
73,Intuitive,Visual,Reflective,Sequential
74,Sensing,Verbal,Active,Sequential
75,Intuitive,Visual,Reflective,Sequential
76,Intuitive,Visual,Reflective,Global
77,Intuitive,Verbal,Reflective,Global
78,Sensing,Visual,Reflective,Sequential
79,Sensing,Verbal,Active,Sequential
80,Sensing,Verbal,Reflective,Sequential
81,Intuitive,Visual,Reflective,Global
82,Intuitive,Verbal,Active,Global
83,Intuitive,Verbal,Active,Global
84,Sensing,Visual,Active,Global
85,Sensing,Visual,Active,Sequential
86,Intuitive,Verbal,Active,Global
87,Intuitive,Verbal,Active,Global
88,Intuitive,Verbal,Active,Global
89,Intuitive,Verbal,Active,Global
90,Intuitive,Verbal,Active,Global
91,Sensing,Verbal,Reflective,Sequential
92,Intuitive,Verbal,Reflective,Global
93,Sensing,Visual,Reflective,Global
94,Sensing,Visual,Reflective,Global
95,Sensing,Verbal,Active,Sequential
96,Intuitive,Visual,Reflective,Sequential
97,Intuitive,Verbal,Active,Sequential
98,Sensing,Verbal,Reflective,Global
99,Intuitive,Verbal,Reflective,Global
100,Sensing,Verbal,Active,Global
101,Sensing,Verbal,Reflective,Global
102,Intuitive,Visual,Reflective,Global
103,Intuitive,Verbal,Active,Global
104,Sensing,Visual,Active,Sequential
105,Sensing,Visual,Active,Global
106,Sensing,Visual,Active,Sequential
107,Intuitive,Verbal,Reflective,Sequential
108,Intuitive,Verbal,Active,Sequential
109,Sensing,Verbal,Reflective,Sequential
110,Intuitive,Verbal,Active,Sequential
111,Intuitive,Visual,Reflective,Global
112,Intuitive,Verbal,Active,Sequential
113,Sensing,Visual,Reflective,Global
114,Sensing,Verbal,Active,Sequential
115,Sensing,Verbal,Active,Global
116,Sensing,Visual,Reflective,Sequential
117,Intuitive,Verbal,Active,Global
118,Sensing,Visual,Active,Sequential
119,Sensing,Visual,Reflective,Global
120,Sensing,Verbal,Active,Global
121,Sensing,Visual,Reflective,Global
122,Sensing,Verbal,Reflective,Global
123,Intuitive,Verbal,Reflective,Global
124,Intuitive,Verbal,Reflective,Global
125,Intuitive,Verbal,Active,Sequential
126,Sensing,Verbal,Active,Sequential
127,Intuitive,Visual,Active,Global
128,Sensing,Verbal,Reflective,Sequential
129,Sensing,Verbal,Reflective,Global
130,Intuitive,Visual,Reflective,Sequential
131,Sensing,Verbal,Reflective,Global
132,Intuitive,Visual,Active,Global
133,Intuitive,Visual,Reflective,Global
134,Intuitive,Verbal,Reflective,Sequential
135,Intuitive,Visual,Reflective,Sequential
136,Sensing,Verbal,Active,Global
137,Sensing,Verbal,Reflective,Sequential
138,Sensing,Verbal,Active,Sequential
139,Intuitive,Verbal,Reflective,Global
140,Sensing,Visual,Reflective,Sequential
141,Sensing,Verbal,Reflective,Sequential
142,Intuitive,Visual,Reflective,Global
143,Sensing,Visual,Active,Global
144,Intuitive,Verbal,Reflective,Sequential
145,Sensing,Visual,Reflective,Sequential
146,Intuitive,Visual,Reflective,Global
147,Intuitive,Verbal,Reflective,Global
148,Sensing,Verbal,Active,Sequential
149,Sensing,Verbal,Active,Global
150,Sensing,Verbal,Active,Global
151,Intuitive,Visual,Active,Sequential
152,Intuitive,Visual,Active,Global
153,Intuitive,Visual,Active,Sequential
154,Sensing,Visual,Active,Sequential
155,Intuitive,Verbal,Reflective,Global
156,Intuitive,Visual,Reflective,Global
157,Sensing,Visual,Reflective,Sequential
158,Sensing,Visual,Active,Sequential
159,Sensing,Verbal,Active,Global
160,Intuitive,Verbal,Reflective,Sequential
161,Intuitive,Visual,Reflective,Sequential
162,Intuitive,Visual,Reflective,Sequential
163,Intuitive,Verbal,Active,Sequential
164,Intuitive,Visual,Active,Global
165,Intuitive,Verbal,Reflective,Global
166,Sensing,Verbal,Active,Global
167,Sensing,Visual,Reflective,Sequential
168,Intuitive,Verbal,Reflective,Global
169,Intuitive,Verbal,Active,Global
170,Sensing,Visual,Active,Global
171,Sensing,Visual,Active,Global
172,Sensing,Verbal,Reflective,Global
173,Intuitive,Visual,Active,Global
174,Sensing,Verbal,Active,Global
175,Sensing,Verbal,Reflective,Global
176,Sensing,Visual,Active,Global
177,Intuitive,Verbal,Active,Sequential
178,Sensing,Visual,Active,Sequential
179,Intuitive,Verbal,Active,Global
180,Intuitive,Verbal,Active,Global
181,Sensing,Verbal,Active,Sequential
182,Intuitive,Verbal,Active,Sequential
183,Intuitive,Verbal,Active,Sequential
184,Sensing,Visual,Active,Global
185,Sensing,Verbal,Active,Sequential
186,Intuitive,Visual,Reflective,Sequential
187,Sensing,Verbal,Active,Global
188,Intuitive,Verbal,Active,Global
189,Intuitive,Visual,Reflective,Sequential
190,Sensing,Verbal,Reflective,Sequential
191,Intuitive,Verbal,Active,Global
192,Intuitive,Visual,Reflective,Sequential
193,Intuitive,Visual,Reflective,Sequential
194,Sensing,Verbal,Active,Global
195,Intuitive,Visual,Active,Global
196,Intuitive,Visual,Active,Global
197,Sensing,Visual,Reflective,Global
198,Sensing,Visual,Reflective,Sequential
199,Intuitive,Verbal,Active,Global
200,Sensing,Verbal,Active,Sequential
201,Sensing,Visual,Reflective,Global
202,Intuitive,Verbal,Active,Sequential
203,Sensing,Visual,Active,Sequential
204,Sensing,Visual,Active,Global
205,Sensing,Visual,Active,Global
206,Sensing,Visual,Active,Global
207,Intuitive,Visual,Reflective,Global
208,Sensing,Visual,Reflective,Sequential
209,Sensing,Visual,Active,Sequential
210,Sensing,Visual,Reflective,Sequential
211,Intuitive,Verbal,Active,Global
212,Sensing,Visual,Active,Sequential
213,Intuitive,Verbal,Active,Global
214,Sensing,Verbal,Reflective,Global
215,Sensing,Visual,Active,Sequential
216,Sensing,Verbal,Reflective,Global
217,Intuitive,Verbal,Active,Sequential
218,Intuitive,Visual,Reflective,Sequential
219,Sensing,Visual,Active,Sequential
220,Intuitive,Visual,Reflective,Global
221,Intuitive,Verbal,Reflective,Global
222,Sensing,Visual,Reflective,Global
223,Intuitive,Verbal,Active,Global
224,Intuitive,Verbal,Reflective,Global
225,Intuitive,Visual,Reflective,Global
226,Intuitive,Visual,Reflective,Global
227,Sensing,Visual,Active,Sequential
228,Intuitive,Visual,Active,Global
229,Sensing,Visual,Active,Global
230,Sensing,Visual,Reflective,Global
231,Intuitive,Verbal,Reflective,Global
232,Intuitive,Verbal,Active,Sequential
233,Sensing,Verbal,Active,Global
234,Sensing,Visual,Reflective,Sequential
235,Intuitive,Verbal,Reflective,Global
236,Sensing,Verbal,Reflective,Global
237,Intuitive,Verbal,Reflective,Global
238,Intuitive,Visual,Reflective,Global
239,Intuitive,Verbal,Reflective,Sequential
240,Sensing,Verbal,Active,Global
241,Sensing,Visual,Reflective,Global
242,Intuitive,Visual,Reflective,Sequential
243,Intuitive,Verbal,Reflective,Sequential
244,Sensing,Verbal,Reflective,Sequential
245,Sensing,Visual,Active,Global
246,Sensing,Visual,Reflective,Global
247,Intuitive,Verbal,Reflective,Sequential
248,Intuitive,Verbal,Reflective,Sequential
249,Intuitive,Visual,Reflective,Global
250,Intuitive,Visual,Reflective,Sequential
251,Sensing,Verbal,Active,Sequential
252,Intuitive,Visual,Reflective,Sequential
253,Intuitive,Verbal,Active,Global
254,Sensing,Visual,Active,Sequential
255,Sensing,Verbal,Active,Global
256,Sensing,Verbal,Reflective,Sequential
257,Sensing,Visual,Active,Global
258,Intuitive,Verbal,Reflective,Sequential
259,Sensing,Visual,Reflective,Global
260,Sensing,Visual,Active,Global
261,Sensing,Verbal,Active,Sequential
262,Intuitive,Visual,Active,Sequential
263,Intuitive,Visual,Active,Global
264,Intuitive,Visual,Reflective,Global
265,Sensing,Verbal,Active,Global
266,Intuitive,Visual,Active,Global
267,Intuitive,Visual,Reflective,Global
268,Sensing,Visual,Active,Global
269,Intuitive,Verbal,Reflective,Global
270,Sensing,Visual,Reflective,Global
271,Intuitive,Verbal,Reflective,Sequential
272,Intuitive,Verbal,Reflective,Global
273,Sensing,Verbal,Reflective,Global
274,Intuitive,Verbal,Active,Global
275,Intuitive,Verbal,Reflective,Sequential
276,Sensing,Verbal,Active,Sequential
277,Intuitive,Verbal,Active,Global
278,Intuitive,Visual,Reflective,Sequential
279,Intuitive,Visual,Reflective,Global
280,Sensing,Verbal,Active,Sequential
281,Intuitive,Visual,Active,Global
282,Sensing,Verbal,Reflective,Global
283,Sensing,Verbal,Active,Global
284,Sensing,Verbal,Active,Sequential
285,Intuitive,Visual,Active,Sequential
286,Intuitive,Verbal,Active,Sequential
287,Sensing,Verbal,Reflective,Global
288,Sensing,Visual,Active,Sequential
289,Sensing,Visual,Reflective,Global
290,Sensing,Verbal,Reflective,Global
291,Sensing,Verbal,Reflective,Global
292,Intuitive,Visual,Active,Global
293,Intuitive,Visual,Active,Sequential
294,Intuitive,Verbal,Active,Sequential
295,Intuitive,Visual,Active,Sequential
296,Intuitive,Visual,Active,Global
297,Intuitive,Verbal,Reflective,Global
298,Intuitive,Visual,Active,Global
299,Intuitive,Visual,Active,Sequential
300,Intuitive,Verbal,Reflective,Sequential
301,Sensing,Visual,Reflective,Sequential
302,Sensing,Visual,Active,Global
303,Intuitive,Verbal,Reflective,Global
304,Sensing,Verbal,Active,Sequential
305,Sensing,Verbal,Reflective,Global
306,Intuitive,Verbal,Active,Sequential
307,Intuitive,Visual,Active,Global
308,Sensing,Verbal,Active,Sequential
309,Sensing,Visual,Active,Sequential
310,Intuitive,Visual,Reflective,Global
311,Sensing,Verbal,Reflective,Global
312,Sensing,Verbal,Reflective,Sequential
313,Sensing,Verbal,Reflective,Global
314,Sensing,Visual,Active,Sequential
315,Sensing,Verbal,Active,Global
316,Sensing,Verbal,Reflective,Sequential
317,Intuitive,Visual,Reflective,Global
318,Intuitive,Verbal,Active,Sequential
319,Intuitive,Visual,Reflective,Sequential
320,Sensing,Verbal,Active,Global
321,Intuitive,Visual,Active,Sequential
322,Intuitive,Verbal,Reflective,Global
323,Intuitive,Verbal,Reflective,Global
324,Intuitive,Visual,Active,Global
325,Intuitive,Verbal,Reflective,Sequential
326,Sensing,Verbal,Reflective,Global
327,Sensing,Verbal,Reflective,Sequential
328,Sensing,Visual,Reflective,Sequential
329,Intuitive,Visual,Reflective,Global
330,Intuitive,Visual,Active,Global
331,Sensing,Verbal,Reflective,Global
332,Intuitive,Visual,Reflective,Global
333,Intuitive,Verbal,Reflective,Sequential
334,Intuitive,Verbal,Active,Sequential
335,Intuitive,Visual,Reflective,Sequential
336,Intuitive,Visual,Reflective,Global
337,Sensing,Visual,Active,Sequential
338,Sensing,Verbal,Active,Sequential
339,Intuitive,Verbal,Active,Global
340,Sensing,Visual,Active,Global
341,Intuitive,Verbal,Active,Sequential
342,Intuitive,Verbal,Reflective,Global
343,Intuitive,Verbal,Reflective,Sequential
344,Intuitive,Verbal,Reflective,Sequential
345,Sensing,Verbal,Reflective,Global
346,Sensing,Visual,Active,Sequential
347,Intuitive,Visual,Reflective,Global
348,Intuitive,Verbal,Reflective,Global
349,Sensing,Visual,Reflective,Global
350,Intuitive,Verbal,Reflective,Global
351,Sensing,Visual,Reflective,Sequential
352,Intuitive,Visual,Active,Global
353,Intuitive,Verbal,Active,Sequential
354,Sensing,Verbal,Active,Sequential
355,Intuitive,Verbal,Reflective,Sequential
356,Sensing,Visual,Reflective,Global
357,Sensing,Visual,Active,Sequential
358,Intuitive,Visual,Reflective,Global
359,Sensing,Verbal,Reflective,Global
360,Sensing,Verbal,Reflective,Sequential
361,Sensing,Verbal,Active,Global
362,Sensing,Verbal,Active,Sequential
363,Sensing,Verbal,Active,Global
364,Sensing,Visual,Active,Global
365,Intuitive,Verbal,Reflective,Sequential
366,Sensing,Verbal,Reflective,Global
367,Sensing,Verbal,Reflective,Sequential
368,Intuitive,Verbal,Active,Sequential
369,Sensing,Visual,Reflective,Sequential
370,Sensing,Visual,Reflective,Sequential
371,Intuitive,Visual,Active,Global
372,Intuitive,Visual,Active,Sequential
373,Sensing,Verbal,Active,Sequential
374,Sensing,Verbal,Active,Global
375,Sensing,Visual,Reflective,Sequential
376,Intuitive,Verbal,Reflective,Global
377,Sensing,Verbal,Reflective,Sequential
378,Intuitive,Verbal,Reflective,Global
379,Sensing,Visual,Active,Sequential
380,Intuitive,Visual,Reflective,Sequential
381,Intuitive,Visual,Active,Sequential
382,Sensing,Verbal,Reflective,Sequential
383,Sensing,Verbal,Active,Sequential
384,Sensing,Verbal,Reflective,Global
385,Sensing,Verbal,Reflective,Sequential
386,Intuitive,Visual,Reflective,Sequential
387,Intuitive,Verbal,Active,Global
388,Intuitive,Verbal,Reflective,Global
389,Intuitive,Visual,Reflective,Sequential
390,Sensing,Visual,Reflective,Sequential
391,Intuitive,Visual,Reflective,Sequential
392,Sensing,Visual,Reflective,Global
393,Intuitive,Verbal,Active,Global
394,Intuitive,Visual,Active,Sequential
395,Sensing,Visual,Active,Global
396,Intuitive,Verbal,Active,Sequential
397,Sensing,Verbal,Reflective,Sequential
398,Intuitive,Verbal,Active,Global
399,Sensing,Visual,Reflective,Global
400,Intuitive,Verbal,Active,Sequential
401,Intuitive,Visual,Active,Sequential
402,Intuitive,Verbal,Reflective,Sequential
403,Intuitive,Verbal,Reflective,Global
404,Intuitive,Verbal,Reflective,Global
405,Sensing,Visual,Reflective,Global
406,Intuitive,Verbal,Active,Sequential
407,Sensing,Verbal,Reflective,Global
408,Intuitive,Visual,Active,Global
409,Sensing,Visual,Reflective,Global
410,Sensing,Visual,Active,Global
411,Intuitive,Visual,Reflective,Global
412,Intuitive,Verbal,Active,Global
413,Intuitive,Verbal,Active,Global
414,Intuitive,Verbal,Reflective,Sequential
415,Sensing,Verbal,Active,Global
416,Sensing,Visual,Reflective,Global
417,Sensing,Verbal,Reflective,Sequential
418,Sensing,Verbal,Reflective,Global
419,Sensing,Verbal,Reflective,Global
420,Intuitive,Verbal,Reflective,Sequential
421,Sensing,Verbal,Active,Sequential
422,Sensing,Visual,Reflective,Sequential
423,Sensing,Verbal,Reflective,Sequential
424,Sensing,Verbal,Reflective,Global
425,Sensing,Visual,Active,Global
426,Intuitive,Visual,Reflective,Sequential
427,Sensing,Verbal,Reflective,Global
428,Sensing,Visual,Active,Sequential
429,Intuitive,Verbal,Reflective,Sequential
430,Sensing,Verbal,Reflective,Global
431,Intuitive,Visual,Active,Sequential
432,Sensing,Visual,Reflective,Sequential
433,Intuitive,Visual,Reflective,Sequential
434,Sensing,Visual,Reflective,Global
435,Sensing,Verbal,Active,Global
436,Sensing,Visual,Reflective,Global
437,Intuitive,Verbal,Reflective,Sequential
438,Sensing,Verbal,Reflective,Global
439,Intuitive,Verbal,Reflective,Global
440,Sensing,Visual,Active,Global
441,Sensing,Verbal,Reflective,Sequential
442,Intuitive,Visual,Active,Sequential
443,Intuitive,Visual,Reflective,Sequential
444,Intuitive,Visual,Active,Global
445,Sensing,Verbal,Active,Global
446,Intuitive,Verbal,Active,Global
447,Intuitive,Visual,Reflective,Sequential
448,Intuitive,Verbal,Reflective,Global
449,Intuitive,Visual,Reflective,Sequential
450,Sensing,Verbal,Active,Sequential
451,Sensing,Visual,Reflective,Global
452,Sensing,Verbal,Reflective,Global
453,Intuitive,Verbal,Reflective,Global
454,Intuitive,Verbal,Active,Global
455,Intuitive,Visual,Reflective,Global
456,Intuitive,Visual,Reflective,Global
457,Sensing,Verbal,Active,Global
458,Intuitive,Visual,Active,Global
459,Sensing,Verbal,Active,Global
460,Sensing,Visual,Active,Sequential
461,Intuitive,Visual,Reflective,Global
462,Sensing,Verbal,Active,Global
463,Intuitive,Verbal,Active,Sequential
464,Intuitive,Visual,Reflective,Sequential
465,Sensing,Visual,Reflective,Sequential
466,Sensing,Visual,Active,Global
467,Intuitive,Verbal,Reflective,Sequential
468,Sensing,Verbal,Reflective,Global
469,Sensing,Visual,Active,Global
470,Sensing,Verbal,Reflective,Global
471,Intuitive,Visual,Reflective,Global
472,Intuitive,Verbal,Active,Sequential
473,Sensing,Visual,Reflective,Global
474,Intuitive,Verbal,Reflective,Sequential
475,Intuitive,Visual,Reflective,Sequential
476,Intuitive,Visual,Reflective,Global
477,Intuitive,Visual,Reflective,Global
478,Intuitive,Verbal,Active,Sequential
479,Sensing,Visual,Reflective,Global
480,Intuitive,Visual,Reflective,Global
481,Sensing,Visual,Reflective,Global
482,Sensing,Visual,Active,Global
483,Intuitive,Visual,Reflective,Global
484,Sensing,Visual,Active,Sequential
485,Sensing,Visual,Reflective,Sequential
486,Sensing,Verbal,Reflective,Global
487,Intuitive,Verbal,Active,Global
488,Intuitive,Visual,Reflective,Global
489,Sensing,Verbal,Active,Sequential
490,Intuitive,Verbal,Reflective,Sequential
491,Intuitive,Verbal,Active,Global
492,Sensing,Visual,Reflective,Sequential
493,Intuitive,Visual,Reflective,Sequential
494,Sensing,Verbal,Active,Sequential
495,Sensing,Verbal,Reflective,Global
496,Sensing,Visual,Reflective,Sequential
497,Intuitive,Visual,Active,Global
498,Intuitive,Verbal,Reflective,Sequential
499,Sensing,Visual,Reflective,Global
500,Sensing,Verbal,Reflective,Sequential
501,Sensing,Verbal,Reflective,Global
502,Sensing,Verbal,Reflective,Global
503,Intuitive,Verbal,Active,Global
504,Sensing,Visual,Reflective,Global
505,Sensing,Visual,Active,Global
506,Sensing,Visual,Reflective,Global
507,Sensing,Verbal,Reflective,Global
508,Sensing,Verbal,Reflective,Global
509,Intuitive,Visual,Reflective,Sequential
510,Sensing,Verbal,Active,Sequential
511,Sensing,Visual,Active,Global
512,Sensing,Verbal,Active,Sequential
513,Intuitive,Visual,Active,Global
514,Intuitive,Visual,Active,Sequential
515,Sensing,Verbal,Reflective,Global
516,Sensing,Verbal,Reflective,Global
517,Intuitive,Verbal,Active,Sequential
518,Sensing,Visual,Reflective,Global
519,Sensing,Visual,Active,Sequential
520,Intuitive,Verbal,Reflective,Global
521,Intuitive,Verbal,Active,Sequential
522,Sensing,Visual,Reflective,Sequential
523,Sensing,Verbal,Active,Sequential
524,Sensing,Verbal,Active,Sequential
525,Sensing,Visual,Reflective,Sequential
526,Sensing,Verbal,Active,Sequential
527,Intuitive,Visual,Reflective,Global
528,Sensing,Verbal,Reflective,Sequential
529,Sensing,Verbal,Reflective,Sequential
530,Sensing,Verbal,Reflective,Global
531,Intuitive,Visual,Reflective,Sequential
532,Intuitive,Verbal,Reflective,Global
533,Intuitive,Visual,Active,Global
534,Intuitive,Verbal,Active,Sequential
535,Sensing,Verbal,Active,Global
536,Intuitive,Visual,Active,Global
537,Intuitive,Verbal,Reflective,Sequential
538,Sensing,Visual,Active,Sequential
539,Intuitive,Verbal,Reflective,Global
540,Sensing,Verbal,Active,Sequential
541,Sensing,Visual,Active,Global
542,Sensing,Verbal,Active,Sequential
543,Intuitive,Visual,Active,Global
544,Sensing,Verbal,Active,Global
545,Sensing,Visual,Active,Sequential
546,Intuitive,Visual,Reflective,Sequential
547,Sensing,Visual,Reflective,Sequential
548,Sensing,Visual,Active,Global
549,Sensing,Verbal,Reflective,Sequential
550,Sensing,Verbal,Reflective,Global
551,Intuitive,Visual,Active,Sequential
552,Intuitive,Visual,Active,Sequential
553,Intuitive,Visual,Reflective,Global
554,Sensing,Visual,Active,Global
555,Sensing,Visual,Reflective,Global
556,Intuitive,Visual,Active,Global
557,Intuitive,Verbal,Reflective,Global
558,Sensing,Visual,Reflective,Global
559,Sensing,Verbal,Active,Sequential
560,Sensing,Visual,Active,Global
561,Sensing,Verbal,Active,Global
562,Intuitive,Verbal,Active,Global
563,Sensing,Visual,Active,Global
564,Intuitive,Visual,Active,Global
565,Sensing,Verbal,Reflective,Sequential
566,Intuitive,Verbal,Reflective,Sequential
567,Sensing,Visual,Active,Global
568,Sensing,Visual,Reflective,Global
569,Sensing,Verbal,Reflective,Global
570,Sensing,Verbal,Reflective,Global
571,Intuitive,Verbal,Active,Global
572,Intuitive,Verbal,Reflective,Sequential
573,Intuitive,Visual,Active,Global
574,Intuitive,Verbal,Active,Global
575,Intuitive,Verbal,Reflective,Sequential
576,Sensing,Verbal,Active,Sequential
577,Intuitive,Verbal,Reflective,Global
578,Intuitive,Visual,Active,Global
579,Sensing,Verbal,Reflective,Sequential
580,Intuitive,Verbal,Reflective,Sequential
581,Sensing,Visual,Reflective,Sequential
582,Intuitive,Verbal,Reflective,Global
583,Sensing,Verbal,Active,Global
584,Sensing,Verbal,Reflective,Sequential
585,Intuitive,Verbal,Reflective,Sequential
586,Intuitive,Verbal,Active,Global
587,Sensing,Verbal,Reflective,Global
588,Sensing,Verbal,Active,Sequential
589,Intuitive,Visual,Active,Sequential
590,Intuitive,Verbal,Reflective,Global
591,Intuitive,Verbal,Active,Sequential
592,Sensing,Visual,Reflective,Sequential
593,Intuitive,Visual,Reflective,Sequential
594,Intuitive,Visual,Reflective,Sequential
595,Sensing,Verbal,Reflective,Sequential
596,Intuitive,Verbal,Reflective,Global
597,Sensing,Visual,Reflective,Sequential
598,Intuitive,Visual,Active,Sequential
599,Intuitive,Verbal,Reflective,Sequential
600,Intuitive,Verbal,Active,Sequential
601,Sensing,Verbal,Reflective,Sequential
602,Intuitive,Visual,Active,Sequential
603,Intuitive,Verbal,Active,Sequential
604,Sensing,Visual,Active,Sequential
605,Sensing,Visual,Reflective,Global
606,Sensing,Visual,Reflective,Global
607,Sensing,Visual,Reflective,Global
608,Sensing,Visual,Reflective,Sequential
609,Intuitive,Verbal,Reflective,Sequential
610,Intuitive,Visual,Active,Global
611,Sensing,Verbal,Reflective,Global
612,Intuitive,Verbal,Active,Global
613,Sensing,Verbal,Active,Sequential
614,Sensing,Visual,Active,Global
615,Sensing,Verbal,Active,Global
616,Intuitive,Verbal,Reflective,Global
617,Sensing,Verbal,Reflective,Sequential
618,Intuitive,Verbal,Reflective,Global
619,Sensing,Visual,Active,Global
620,Intuitive,Verbal,Active,Global
621,Sensing,Verbal,Reflective,Sequential
622,Sensing,Visual,Reflective,Sequential
623,Sensing,Verbal,Reflective,Global
624,Intuitive,Verbal,Reflective,Sequential
625,Intuitive,Visual,Reflective,Sequential
626,Intuitive,Visual,Reflective,Global
627,Sensing,Verbal,Reflective,Global
628,Sensing,Visual,Active,Global
629,Sensing,Visual,Active,Global
630,Sensing,Verbal,Active,Sequential
631,Intuitive,Verbal,Active,Sequential
632,Sensing,Visual,Reflective,Global
633,Intuitive,Verbal,Active,Sequential
634,Intuitive,Visual,Active,Sequential
635,Intuitive,Verbal,Reflective,Sequential
636,Intuitive,Visual,Reflective,Sequential
637,Intuitive,Visual,Active,Sequential
638,Intuitive,Verbal,Reflective,Global
639,Intuitive,Visual,Active,Global
640,Sensing,Verbal,Active,Sequential
641,Sensing,Visual,Reflective,Sequential
642,Sensing,Visual,Active,Global
643,Sensing,Visual,Active,Sequential
644,Sensing,Visual,Reflective,Global
645,Sensing,Visual,Reflective,Sequential
646,Intuitive,Visual,Active,Global
647,Sensing,Verbal,Active,Sequential
648,Intuitive,Verbal,Active,Global
649,Intuitive,Visual,Active,Sequential
650,Sensing,Visual,Reflective,Sequential
651,Intuitive,Verbal,Active,Sequential
652,Sensing,Verbal,Reflective,Global
653,Sensing,Verbal,Reflective,Sequential
654,Intuitive,Verbal,Reflective,Global
655,Sensing,Visual,Reflective,Global
656,Sensing,Visual,Reflective,Global
657,Intuitive,Verbal,Active,Sequential
658,Sensing,Verbal,Reflective,Global
659,Sensing,Verbal,Reflective,Sequential
660,Sensing,Visual,Active,Sequential
661,Sensing,Visual,Active,Sequential
662,Intuitive,Verbal,Reflective,Sequential
663,Sensing,Visual,Active,Global
664,Sensing,Verbal,Active,Global
665,Sensing,Verbal,Reflective,Sequential
666,Intuitive,Verbal,Active,Sequential
667,Sensing,Verbal,Reflective,Sequential
668,Intuitive,Visual,Reflective,Global
669,Sensing,Visual,Active,Sequential
670,Intuitive,Visual,Active,Global
671,Sensing,Visual,Active,Global
672,Sensing,Visual,Reflective,Sequential
673,Sensing,Visual,Reflective,Sequential
674,Intuitive,Verbal,Active,Global
675,Sensing,Verbal,Reflective,Global
676,Intuitive,Visual,Active,Global
677,Sensing,Visual,Reflective,Sequential
678,Sensing,Visual,Reflective,Global
679,Intuitive,Visual,Active,Global
680,Intuitive,Visual,Active,Sequential
681,Intuitive,Verbal,Active,Global
682,Sensing,Verbal,Active,Sequential
683,Intuitive,Verbal,Active,Sequential
684,Intuitive,Visual,Active,Global
685,Intuitive,Visual,Active,Sequential
686,Sensing,Verbal,Reflective,Sequential
687,Sensing,Visual,Reflective,Sequential
688,Sensing,Visual,Active,Sequential
689,Intuitive,Visual,Reflective,Global
690,Sensing,Visual,Reflective,Sequential
691,Intuitive,Visual,Active,Global
692,Intuitive,Visual,Reflective,Global
693,Intuitive,Verbal,Active,Global
694,Sensing,Visual,Reflective,Global
695,Intuitive,Visual,Reflective,Global
696,Intuitive,Visual,Reflective,Sequential
697,Sensing,Visual,Reflective,Sequential
698,Sensing,Visual,Active,Global
699,Intuitive,Visual,Reflective,Global
700,Sensing,Verbal,Reflective,Global
701,Sensing,Visual,Reflective,Global
702,Intuitive,Verbal,Reflective,Global
703,Intuitive,Visual,Active,Sequential
704,Intuitive,Verbal,Reflective,Sequential
705,Sensing,Visual,Active,Global
706,Intuitive,Verbal,Reflective,Sequential
707,Sensing,Verbal,Active,Global
708,Intuitive,Visual,Active,Sequential
709,Intuitive,Verbal,Active,Sequential
710,Sensing,Verbal,Active,Sequential
711,Intuitive,Visual,Active,Global
712,Sensing,Verbal,Active,Global
713,Sensing,Verbal,Reflective,Global
714,Intuitive,Visual,Reflective,Sequential
715,Intuitive,Visual,Active,Global
716,Sensing,Verbal,Reflective,Global
717,Intuitive,Verbal,Reflective,Global
718,Intuitive,Verbal,Active,Sequential
719,Sensing,Verbal,Reflective,Global
720,Intuitive,Visual,Reflective,Sequential
721,Intuitive,Verbal,Active,Global
722,Sensing,Verbal,Reflective,Sequential
723,Intuitive,Verbal,Active,Sequential
724,Sensing,Verbal,Active,Sequential
725,Intuitive,Verbal,Reflective,Sequential
726,Intuitive,Visual,Active,Sequential
727,Sensing,Visual,Reflective,Global
728,Intuitive,Visual,Active,Sequential
729,Sensing,Verbal,Active,Global
730,Intuitive,Visual,Active,Sequential
731,Intuitive,Visual,Reflective,Sequential
732,Intuitive,Verbal,Active,Sequential
733,Sensing,Visual,Active,Global
734,Sensing,Visual,Active,Sequential
735,Intuitive,Visual,Active,Sequential
736,Intuitive,Visual,Reflective,Sequential
737,Intuitive,Verbal,Active,Global
738,Intuitive,Verbal,Reflective,Sequential
739,Sensing,Verbal,Active,Global
740,Sensing,Verbal,Reflective,Global
741,Intuitive,Visual,Reflective,Sequential
742,Sensing,Visual,Reflective,Global
743,Intuitive,Verbal,Active,Sequential
744,Intuitive,Verbal,Reflective,Sequential
745,Sensing,Verbal,Active,Global
746,Sensing,Visual,Reflective,Sequential
747,Sensing,Verbal,Active,Sequential
748,Sensing,Visual,Active,Sequential
749,Sensing,Visual,Reflective,Global
750,Sensing,Verbal,Reflective,Global
751,Intuitive,Verbal,Active,Global
752,Intuitive,Verbal,Active,Global
753,Sensing,Visual,Reflective,Sequential
754,Sensing,Verbal,Reflective,Global
755,Sensing,Visual,Active,Sequential
756,Intuitive,Visual,Reflective,Sequential
757,Sensing,Verbal,Active,Global
758,Sensing,Verbal,Reflective,Sequential
759,Sensing,Visual,Active,Sequential
760,Sensing,Verbal,Reflective,Global
761,Intuitive,Verbal,Active,Global
762,Sensing,Verbal,Reflective,Sequential
763,Intuitive,Verbal,Reflective,Sequential
764,Intuitive,Visual,Reflective,Global
765,Sensing,Visual,Active,Sequential
766,Intuitive,Verbal,Active,Global
767,Sensing,Verbal,Active,Global
768,Intuitive,Visual,Reflective,Global
769,Sensing,Visual,Reflective,Global
770,Intuitive,Verbal,Reflective,Sequential
771,Intuitive,Verbal,Active,Global
772,Intuitive,Verbal,Reflective,Sequential
773,Sensing,Visual,Reflective,Sequential
774,Sensing,Visual,Reflective,Sequential
775,Sensing,Visual,Active,Global
776,Intuitive,Verbal,Reflective,Sequential
777,Intuitive,Verbal,Active,Global
778,Intuitive,Visual,Active,Global
779,Intuitive,Visual,Reflective,Sequential
780,Intuitive,Visual,Reflective,Sequential
781,Sensing,Verbal,Reflective,Global
782,Intuitive,Verbal,Active,Global
783,Sensing,Verbal,Active,Sequential
784,Sensing,Visual,Reflective,Global
785,Intuitive,Visual,Reflective,Global
786,Intuitive,Verbal,Active,Global
787,Intuitive,Verbal,Reflective,Global
788,Sensing,Verbal,Active,Sequential
789,Sensing,Visual,Reflective,Global
790,Intuitive,Visual,Reflective,Sequential
791,Sensing,Visual,Reflective,Global
792,Intuitive,Visual,Reflective,Global
793,Intuitive,Visual,Reflective,Sequential
794,Sensing,Visual,Reflective,Sequential
795,Sensing,Verbal,Active,Global
796,Sensing,Visual,Reflective,Sequential
797,Intuitive,Visual,Reflective,Global
798,Sensing,Verbal,Active,Global
799,Intuitive,Verbal,Reflective,Global
800,Intuitive,Visual,Active,Sequential
801,Intuitive,Verbal,Reflective,Sequential
802,Sensing,Verbal,Reflective,Global
803,Intuitive,Visual,Active,Sequential
804,Sensing,Verbal,Reflective,Sequential
805,Sensing,Verbal,Reflective,Sequential
806,Sensing,Verbal,Active,Global
807,Intuitive,Visual,Active,Global
808,Sensing,Visual,Active,Global
809,Intuitive,Verbal,Reflective,Global
810,Intuitive,Verbal,Reflective,Sequential
811,Intuitive,Visual,Active,Global
812,Intuitive,Visual,Reflective,Global
813,Sensing,Verbal,Reflective,Sequential
814,Sensing,Verbal,Active,Global
815,Intuitive,Verbal,Reflective,Global
816,Intuitive,Verbal,Active,Sequential
817,Intuitive,Verbal,Active,Global
818,Intuitive,Visual,Reflective,Global
819,Intuitive,Verbal,Active,Sequential
820,Intuitive,Verbal,Reflective,Sequential
821,Intuitive,Verbal,Reflective,Global
822,Sensing,Verbal,Reflective,Global
823,Sensing,Verbal,Reflective,Global
824,Intuitive,Visual,Active,Sequential
825,Intuitive,Visual,Reflective,Global
826,Sensing,Visual,Active,Global
827,Intuitive,Visual,Reflective,Global
828,Sensing,Visual,Active,Sequential
829,Intuitive,Visual,Active,Global
830,Sensing,Verbal,Reflective,Sequential
831,Sensing,Verbal,Active,Global
832,Sensing,Verbal,Reflective,Sequential
833,Intuitive,Visual,Reflective,Sequential
834,Sensing,Verbal,Reflective,Global
835,Sensing,Visual,Active,Sequential
836,Sensing,Visual,Reflective,Sequential
837,Intuitive,Visual,Active,Global
838,Intuitive,Visual,Active,Global
839,Intuitive,Verbal,Active,Global
840,Intuitive,Visual,Active,Sequential
841,Sensing,Visual,Active,Sequential
842,Sensing,Visual,Reflective,Sequential
843,Intuitive,Verbal,Reflective,Sequential
844,Sensing,Verbal,Active,Sequential
845,Sensing,Verbal,Reflective,Sequential
846,Sensing,Visual,Reflective,Sequential
847,Intuitive,Verbal,Active,Sequential
848,Intuitive,Verbal,Reflective,Sequential
849,Intuitive,Visual,Reflective,Global
850,Intuitive,Verbal,Active,Sequential
851,Intuitive,Visual,Active,Sequential
852,Sensing,Verbal,Reflective,Sequential
853,Sensing,Verbal,Reflective,Sequential
854,Intuitive,Visual,Active,Global
855,Sensing,Verbal,Active,Global
856,Sensing,Verbal,Active,Sequential
857,Sensing,Visual,Active,Sequential
858,Sensing,Visual,Active,Sequential
859,Intuitive,Verbal,Reflective,Sequential
860,Sensing,Visual,Reflective,Global
861,Intuitive,Visual,Reflective,Sequential
862,Intuitive,Verbal,Reflective,Global
863,Intuitive,Visual,Active,Sequential
864,Sensing,Verbal,Reflective,Global
865,Sensing,Visual,Active,Global
866,Intuitive,Visual,Active,Sequential
867,Intuitive,Visual,Active,Sequential
868,Intuitive,Verbal,Reflective,Sequential
869,Sensing,Visual,Reflective,Global
870,Intuitive,Verbal,Active,Global
871,Intuitive,Verbal,Reflective,Global
872,Sensing,Verbal,Active,Global
873,Sensing,Visual,Active,Global
874,Intuitive,Visual,Active,Sequential
875,Sensing,Verbal,Active,Sequential
876,Intuitive,Visual,Active,Global
877,Intuitive,Verbal,Active,Sequential
878,Sensing,Verbal,Reflective,Global
879,Sensing,Verbal,Reflective,Sequential
880,Intuitive,Visual,Active,Sequential
881,Sensing,Verbal,Active,Global
882,Sensing,Visual,Active,Sequential
883,Sensing,Verbal,Reflective,Global
884,Intuitive,Visual,Active,Global
885,Intuitive,Verbal,Reflective,Global
886,Sensing,Verbal,Reflective,Global
887,Sensing,Verbal,Reflective,Sequential
888,Intuitive,Verbal,Active,Global
889,Intuitive,Visual,Active,Sequential
890,Intuitive,Visual,Active,Sequential
891,Sensing,Verbal,Active,Global
892,Intuitive,Verbal,Reflective,Sequential
893,Intuitive,Verbal,Active,Global
894,Intuitive,Visual,Reflective,Global
895,Sensing,Verbal,Active,Global
896,Intuitive,Verbal,Active,Global
897,Intuitive,Visual,Reflective,Sequential
898,Sensing,Verbal,Reflective,Global
899,Intuitive,Verbal,Reflective,Global
900,Sensing,Verbal,Reflective,Sequential
901,Sensing,Verbal,Reflective,Sequential
902,Intuitive,Verbal,Active,Global
903,Intuitive,Visual,Active,Sequential
904,Intuitive,Verbal,Reflective,Global
905,Sensing,Visual,Active,Global
906,Intuitive,Visual,Reflective,Sequential
907,Intuitive,Verbal,Active,Global
908,Intuitive,Verbal,Reflective,Sequential
909,Sensing,Verbal,Active,Global
910,Sensing,Verbal,Active,Global
911,Sensing,Visual,Reflective,Sequential
912,Sensing,Verbal,Active,Global
913,Sensing,Visual,Reflective,Global
914,Intuitive,Visual,Reflective,Global
915,Sensing,Verbal,Active,Global
916,Intuitive,Verbal,Active,Global
917,Intuitive,Visual,Reflective,Global
918,Sensing,Visual,Active,Sequential
919,Sensing,Visual,Active,Sequential
920,Intuitive,Visual,Active,Global
921,Sensing,Visual,Active,Global
922,Intuitive,Verbal,Active,Sequential
923,Sensing,Verbal,Active,Sequential
924,Intuitive,Visual,Reflective,Sequential
925,Intuitive,Visual,Active,Sequential
926,Intuitive,Verbal,Reflective,Global
927,Intuitive,Visual,Active,Global
928,Intuitive,Verbal,Reflective,Sequential
929,Intuitive,Verbal,Active,Sequential
930,Intuitive,Visual,Reflective,Sequential
931,Sensing,Visual,Reflective,Sequential
932,Sensing,Visual,Active,Global
933,Sensing,Visual,Reflective,Sequential
934,Intuitive,Verbal,Reflective,Sequential
935,Sensing,Verbal,Reflective,Global
936,Sensing,Verbal,Reflective,Global
937,Sensing,Verbal,Reflective,Sequential
938,Sensing,Verbal,Reflective,Sequential
939,Intuitive,Verbal,Reflective,Global
940,Sensing,Verbal,Reflective,Sequential
941,Intuitive,Verbal,Reflective,Sequential
942,Sensing,Verbal,Active,Global
943,Sensing,Verbal,Reflective,Global
944,Sensing,Visual,Reflective,Global
945,Intuitive,Verbal,Active,Sequential
946,Intuitive,Visual,Active,Sequential
947,Intuitive,Visual,Active,Sequential
948,Sensing,Visual,Active,Global
949,Sensing,Visual,Reflective,Global
950,Sensing,Visual,Reflective,Sequential
951,Sensing,Verbal,Reflective,Sequential
952,Sensing,Verbal,Reflective,Global
953,Sensing,Visual,Reflective,Sequential
954,Intuitive,Visual,Reflective,Global
955,Intuitive,Visual,Reflective,Global
956,Sensing,Verbal,Active,Global
957,Intuitive,Verbal,Reflective,Global
958,Sensing,Visual,Active,Sequential
959,Sensing,Visual,Active,Global
960,Sensing,Verbal,Reflective,Sequential
961,Intuitive,Verbal,Reflective,Sequential
962,Sensing,Visual,Reflective,Sequential
963,Sensing,Verbal,Reflective,Global
964,Sensing,Visual,Active,Global
965,Sensing,Verbal,Reflective,Sequential
966,Sensing,Verbal,Reflective,Sequential
967,Sensing,Verbal,Active,Global
968,Sensing,Verbal,Active,Global
969,Intuitive,Verbal,Active,Global
970,Sensing,Verbal,Active,Global
971,Sensing,Visual,Active,Sequential
972,Sensing,Verbal,Active,Global
973,Intuitive,Visual,Reflective,Global
974,Sensing,Verbal,Reflective,Sequential
975,Sensing,Visual,Reflective,Global
976,Sensing,Visual,Reflective,Sequential
977,Intuitive,Visual,Active,Sequential
978,Intuitive,Visual,Active,Global
979,Intuitive,Verbal,Reflective,Sequential
980,Sensing,Visual,Active,Global
981,Intuitive,Visual,Active,Global
982,Sensing,Verbal,Active,Sequential
983,Intuitive,Visual,Active,Sequential
984,Sensing,Verbal,Reflective,Sequential
985,Intuitive,Verbal,Reflective,Global
986,Sensing,Visual,Active,Global
987,Sensing,Verbal,Reflective,Global
988,Intuitive,Visual,Active,Global
989,Sensing,Visual,Reflective,Global
990,Intuitive,Verbal,Reflective,Global
991,Sensing,Visual,Reflective,Sequential
992,Intuitive,Visual,Reflective,Global
993,Sensing,Verbal,Reflective,Global
994,Sensing,Visual,Reflective,Sequential
995,Intuitive,Visual,Reflective,Sequential
996,Intuitive,Visual,Active,Global
997,Intuitive,Verbal,Reflective,Sequential
998,Intuitive,Visual,Reflective,Sequential
999,Intuitive,Visual,Reflective,Global
1000,Sensing,Verbal,Reflective,Global
1001,Intuitive,Visual,Active,Sequential
